<?xml version="1.0" encoding="UTF-8" standalone="yes"?>
<library-item xmlns="http://spotfire.tibco.com/ws/2008/12/library">
    <title>library</title>
    <item-type>
        <label>folder</label>
        <label-prefix>spotfire</label-prefix>
        <is-container>true</is-container>
    </item-type>
    <format-version>68.3.13201.5405</format-version>
    <created>2024-06-04T23:23:44.311+01:00</created>
    <modified>2024-06-04T23:23:44.311+01:00</modified>
    <children>
        <library-item>
            <id>9f51a001-bb48-4636-8aa7-6be259b4da43</id>
            <title>Information Package</title>
            <item-type>
                <label>folder</label>
                <label-prefix>spotfire</label-prefix>
                <is-container>true</is-container>
            </item-type>
            <created-by>Administrator@SPOTFIRE</created-by>
            <created>2024-03-08T11:13:28.000Z</created>
            <modified-by>Administrator@SPOTFIRE</modified-by>
            <modified>2024-06-04T21:50:11.000Z</modified>
            <accessed>2024-03-21T14:35:06.000Z</accessed>
            <properties/>
            <keywords/>
            <children>
                <library-item>
                    <id>227447f2-6c43-4f4f-858e-3acf325e1a20</id>
                    <title>Information Links</title>
                    <item-type>
                        <label>folder</label>
                        <label-prefix>spotfire</label-prefix>
                        <is-container>true</is-container>
                    </item-type>
                    <created-by>Administrator@SPOTFIRE</created-by>
                    <created>2024-03-08T11:13:51.000Z</created>
                    <modified-by>Administrator@SPOTFIRE</modified-by>
                    <modified>2024-06-04T21:50:13.000Z</modified>
                    <accessed>2024-03-21T14:35:06.000Z</accessed>
                    <properties/>
                    <keywords/>
                    <children>
                        <library-item>
                            <id>89723d8d-9233-4987-9ccf-3fa45fa7bafd</id>
                            <title>IL_DC_E_BULK_CM_NRSECTORCARRIER_RAW</title>
                            <item-type>
<label>query</label>
<label-prefix>spotfire</label-prefix>
<is-container>false</is-container>
<mime-type>application/xml</mime-type>
                            </item-type>
                            <created-by>Administrator@SPOTFIRE</created-by>
                            <created>2024-03-08T11:24:30.000Z</created>
                            <modified-by>Administrator@SPOTFIRE</modified-by>
                            <modified>2024-06-04T21:50:13.000Z</modified>
                            <accessed>2024-06-04T22:22:38.000Z</accessed>
                            <properties>
<property>
    <name>InformationLinkReference</name>
    <value>89723d8d-9233-4987-9ccf-3fa45fa7bafd</value>
</property>
                            </properties>
                            <keywords/>
                            <dependencies>
<dependency>
    <requiredid>6326b535-a2b7-43c1-82f0-dca9e6b5dac8</requiredid>
    <description>Column required by this query</description>
    <cascading-delete>false</cascading-delete>
</dependency>
<dependency>
    <requiredid>5cd8b3b8-9f40-4dde-9945-8585e70e794a</requiredid>
    <description>Column required by this query</description>
    <cascading-delete>false</cascading-delete>
</dependency>
<dependency>
    <requiredid>7bf73efb-6f42-4c1a-af77-718c0ba76ebe</requiredid>
    <description>Column required by this query</description>
    <cascading-delete>false</cascading-delete>
</dependency>
<dependency>
    <requiredid>6aba1326-8ef5-4b38-852e-5ae98380dfa6</requiredid>
    <description>Column required by this query</description>
    <cascading-delete>false</cascading-delete>
</dependency>
<dependency>
    <requiredid>7346237e-a792-4d94-8d89-ac19eef29af2</requiredid>
    <description>Column required by this query</description>
    <cascading-delete>false</cascading-delete>
</dependency>
<dependency>
    <requiredid>fa6ccb35-9a4c-4eba-9dfc-06955fa19d55</requiredid>
    <description>Column required by this query</description>
    <cascading-delete>false</cascading-delete>
</dependency>
<dependency>
    <requiredid>cb7c62ef-b506-4f8f-949b-03271397195c</requiredid>
    <description>Column required by this query</description>
    <cascading-delete>false</cascading-delete>
</dependency>
<dependency>
    <requiredid>e35fde79-dbeb-4f7c-9e96-978d067cda8c</requiredid>
    <description>Column required by this query</description>
    <cascading-delete>false</cascading-delete>
</dependency>
<dependency>
    <requiredid>eb0f771a-7552-430a-9fd6-9a886a316afc</requiredid>
    <description>Column required by this query</description>
    <cascading-delete>false</cascading-delete>
</dependency>
<dependency>
    <requiredid>bb277fcf-6266-4487-8c7e-2bf0783bc507</requiredid>
    <description>Column required by this query</description>
    <cascading-delete>false</cascading-delete>
</dependency>
                            </dependencies>
                            <hidden>false</hidden>
                        </library-item>
                        <library-item>
                            <id>585388e3-f783-4ac7-a16b-4e2ece815ccd</id>
                            <title>IL_DC_E_NR_EVENTS_NRCELLDU_V_DAY</title>
                            <item-type>
<label>query</label>
<label-prefix>spotfire</label-prefix>
<is-container>false</is-container>
<mime-type>application/xml</mime-type>
                            </item-type>
                            <created-by>Administrator@SPOTFIRE</created-by>
                            <created>2023-04-04T10:53:00.000Z</created>
                            <modified-by>Administrator@SPOTFIRE</modified-by>
                            <modified>2024-06-04T21:50:13.000Z</modified>
                            <accessed>2024-06-04T22:23:09.000Z</accessed>
                            <properties>
<property>
    <name>InformationLinkReference</name>
    <value>585388e3-f783-4ac7-a16b-4e2ece815ccd</value>
</property>
<property>
    <name>parameter</name>
    <value>DLThreshold4</value>
</property>
<property>
    <name>parameter</name>
    <value>ULThreshold1</value>
</property>
<property>
    <name>parameter</name>
    <value>DLThreshold3</value>
</property>
<property>
    <name>parameter</name>
    <value>ULThreshold3</value>
</property>
<property>
    <name>parameter</name>
    <value>DLThreshold5</value>
</property>
<property>
    <name>parameter</name>
    <value>ULThreshold2</value>
</property>
<property>
    <name>parameter</name>
    <value>ULThreshold5</value>
</property>
<property>
    <name>parameter</name>
    <value>ULThreshold4</value>
</property>
<property>
    <name>parameter</name>
    <value>DLThreshold2</value>
</property>
<property>
    <name>parameter</name>
    <value>DLThreshold1</value>
</property>
                            </properties>
                            <keywords/>
                            <dependencies>
<dependency>
    <requiredid>f06d761a-c538-4f70-8f55-1b2a1de945b6</requiredid>
    <description>Column required by this query</description>
    <cascading-delete>false</cascading-delete>
</dependency>
<dependency>
    <requiredid>886d5e42-e329-40ee-b7bd-a0064c157e86</requiredid>
    <description>Column required by this query</description>
    <cascading-delete>false</cascading-delete>
</dependency>
<dependency>
    <requiredid>a28cf065-7abb-49b8-a956-099a50644a0a</requiredid>
    <description>Column required by this query</description>
    <cascading-delete>false</cascading-delete>
</dependency>
<dependency>
    <requiredid>c09a0b47-2a07-4a5a-b434-f6d85e61e71c</requiredid>
    <description>Column required by this query</description>
    <cascading-delete>false</cascading-delete>
</dependency>
<dependency>
    <requiredid>461476e3-86a0-4a76-b2a6-812051c77bc9</requiredid>
    <description>Column required by this query</description>
    <cascading-delete>false</cascading-delete>
</dependency>
<dependency>
    <requiredid>dde02cd2-a782-4d5c-826c-acb45082df86</requiredid>
    <description>Column required by this query</description>
    <cascading-delete>false</cascading-delete>
</dependency>
<dependency>
    <requiredid>2cf1d61e-be73-4618-b820-57412eda964b</requiredid>
    <description>Column required by this query</description>
    <cascading-delete>false</cascading-delete>
</dependency>
<dependency>
    <requiredid>79fc9972-b159-4a7d-a9c5-e43a45900773</requiredid>
    <description>Column required by this query</description>
    <cascading-delete>false</cascading-delete>
</dependency>
<dependency>
    <requiredid>4ee783aa-a7ad-49b4-be35-3616ae5de392</requiredid>
    <description>Column required by this query</description>
    <cascading-delete>false</cascading-delete>
</dependency>
<dependency>
    <requiredid>cc5ef8ba-6d5c-412a-bd4b-0868062576c5</requiredid>
    <description>Column required by this query</description>
    <cascading-delete>false</cascading-delete>
</dependency>
<dependency>
    <requiredid>e179b42e-490e-49b8-8bf1-6109273fe65f</requiredid>
    <description>Column required by this query</description>
    <cascading-delete>false</cascading-delete>
</dependency>
<dependency>
    <requiredid>25736338-01f7-42cc-af7f-288d13001299</requiredid>
    <description>Column required by this query</description>
    <cascading-delete>false</cascading-delete>
</dependency>
<dependency>
    <requiredid>7975c759-1e26-4b21-a0e5-5358c68e971e</requiredid>
    <description>Column required by this query</description>
    <cascading-delete>false</cascading-delete>
</dependency>
<dependency>
    <requiredid>a4697485-0d23-4d92-a21d-d7e7fe61bf60</requiredid>
    <description>Column required by this query</description>
    <cascading-delete>false</cascading-delete>
</dependency>
<dependency>
    <requiredid>db740ac2-4a0e-42de-9838-82c1a252f85c</requiredid>
    <description>Column required by this query</description>
    <cascading-delete>false</cascading-delete>
</dependency>
<dependency>
    <requiredid>56f04721-6ab1-4c94-ad6a-586ed62aa938</requiredid>
    <description>Column required by this query</description>
    <cascading-delete>false</cascading-delete>
</dependency>
                            </dependencies>
                            <hidden>false</hidden>
                        </library-item>
                        <library-item>
                            <id>b221e8d5-bfaf-4d89-9542-92170bc8cd34</id>
                            <title>IL_DC_E_NR_EVENTS_NRCELLDU_V_RAW</title>
                            <item-type>
<label>query</label>
<label-prefix>spotfire</label-prefix>
<is-container>false</is-container>
<mime-type>application/xml</mime-type>
                            </item-type>
                            <created-by>Administrator@SPOTFIRE</created-by>
                            <created>2023-03-29T16:12:46.000Z</created>
                            <modified-by>Administrator@SPOTFIRE</modified-by>
                            <modified>2024-06-04T21:50:13.000Z</modified>
                            <accessed>2024-06-04T22:23:09.000Z</accessed>
                            <properties>
<property>
    <name>InformationLinkReference</name>
    <value>b221e8d5-bfaf-4d89-9542-92170bc8cd34</value>
</property>
<property>
    <name>parameter</name>
    <value>DLThreshold4</value>
</property>
<property>
    <name>parameter</name>
    <value>ULThreshold1</value>
</property>
<property>
    <name>parameter</name>
    <value>DLThreshold3</value>
</property>
<property>
    <name>parameter</name>
    <value>ULThreshold3</value>
</property>
<property>
    <name>parameter</name>
    <value>DLThreshold5</value>
</property>
<property>
    <name>parameter</name>
    <value>ULThreshold2</value>
</property>
<property>
    <name>parameter</name>
    <value>ULThreshold5</value>
</property>
<property>
    <name>parameter</name>
    <value>ULThreshold4</value>
</property>
<property>
    <name>parameter</name>
    <value>DLThreshold2</value>
</property>
<property>
    <name>parameter</name>
    <value>DLThreshold1</value>
</property>
                            </properties>
                            <keywords/>
                            <dependencies>
<dependency>
    <requiredid>67e5af96-c338-4d84-8a8b-f3b7be5a9bc3</requiredid>
    <description>Column required by this query</description>
    <cascading-delete>false</cascading-delete>
</dependency>
<dependency>
    <requiredid>38f75a2a-f47d-4aae-b318-b6628f26d9b4</requiredid>
    <description>Column required by this query</description>
    <cascading-delete>false</cascading-delete>
</dependency>
<dependency>
    <requiredid>c3e92619-3443-446a-9624-5fd542963551</requiredid>
    <description>Column required by this query</description>
    <cascading-delete>false</cascading-delete>
</dependency>
<dependency>
    <requiredid>7175156c-0542-4ce1-9e23-8cab42547896</requiredid>
    <description>Column required by this query</description>
    <cascading-delete>false</cascading-delete>
</dependency>
<dependency>
    <requiredid>0fd8a13d-f9c3-4b32-86e0-22604190b62a</requiredid>
    <description>Column required by this query</description>
    <cascading-delete>false</cascading-delete>
</dependency>
<dependency>
    <requiredid>51055574-0615-47d2-a5cb-99425a0c90e7</requiredid>
    <description>Column required by this query</description>
    <cascading-delete>false</cascading-delete>
</dependency>
<dependency>
    <requiredid>fc9e2094-5d97-45f3-9011-2dc79a95497f</requiredid>
    <description>Column required by this query</description>
    <cascading-delete>false</cascading-delete>
</dependency>
<dependency>
    <requiredid>80b411da-a80e-4796-beac-3cc2682f4254</requiredid>
    <description>Column required by this query</description>
    <cascading-delete>false</cascading-delete>
</dependency>
<dependency>
    <requiredid>1faa3229-5df8-4e74-9911-4e4fcf0666d1</requiredid>
    <description>Column required by this query</description>
    <cascading-delete>false</cascading-delete>
</dependency>
<dependency>
    <requiredid>aa4ec650-4e44-4226-afc0-e4b17f893663</requiredid>
    <description>Column required by this query</description>
    <cascading-delete>false</cascading-delete>
</dependency>
<dependency>
    <requiredid>617ca41d-4356-4784-8841-0b8b4809dffe</requiredid>
    <description>Column required by this query</description>
    <cascading-delete>false</cascading-delete>
</dependency>
<dependency>
    <requiredid>780c551a-59ef-4b0d-885f-fe5df9aaf173</requiredid>
    <description>Column required by this query</description>
    <cascading-delete>false</cascading-delete>
</dependency>
<dependency>
    <requiredid>ebf6a0f8-a46c-49ac-8d5b-e13b2386f1e7</requiredid>
    <description>Column required by this query</description>
    <cascading-delete>false</cascading-delete>
</dependency>
<dependency>
    <requiredid>1a58e6ce-4804-4dd6-a783-c1912afab8da</requiredid>
    <description>Column required by this query</description>
    <cascading-delete>false</cascading-delete>
</dependency>
<dependency>
    <requiredid>96ddaa12-3965-49c1-b615-db9490307c80</requiredid>
    <description>Column required by this query</description>
    <cascading-delete>false</cascading-delete>
</dependency>
<dependency>
    <requiredid>566f3306-533f-4fc5-bccb-cae09c694fae</requiredid>
    <description>Column required by this query</description>
    <cascading-delete>false</cascading-delete>
</dependency>
<dependency>
    <requiredid>97c25f45-c1df-41fd-b4b5-132ce6fc326d</requiredid>
    <description>Column required by this query</description>
    <cascading-delete>false</cascading-delete>
</dependency>
                            </dependencies>
                            <hidden>false</hidden>
                        </library-item>
                    </children>
                    <hidden>false</hidden>
                </library-item>
                <library-item>
                    <id>7682bb6d-d2de-45d7-983c-6373fe0bae99</id>
                    <title>Columns</title>
                    <item-type>
                        <label>folder</label>
                        <label-prefix>spotfire</label-prefix>
                        <is-container>true</is-container>
                    </item-type>
                    <created-by>Administrator@SPOTFIRE</created-by>
                    <created>2024-03-08T11:13:05.000Z</created>
                    <modified-by>Administrator@SPOTFIRE</modified-by>
                    <modified>2024-06-04T21:50:12.000Z</modified>
                    <accessed>2024-03-21T14:35:06.000Z</accessed>
                    <properties/>
                    <keywords/>
                    <children>
                        <library-item>
                            <id>c14ece64-3aa6-48f7-ae1c-abc3e6c44a06</id>
                            <title>DC_E_BULK_CM_NRSECTORCARRIER_RAW</title>
                            <item-type>
<label>folder</label>
<label-prefix>spotfire</label-prefix>
<is-container>true</is-container>
                            </item-type>
                            <created-by>Administrator@SPOTFIRE</created-by>
                            <created>2024-03-08T11:15:22.000Z</created>
                            <modified-by>Administrator@SPOTFIRE</modified-by>
                            <modified>2024-06-04T21:50:13.000Z</modified>
                            <accessed>2024-03-21T14:35:06.000Z</accessed>
                            <properties/>
                            <keywords/>
                            <children>
<library-item>
    <id>fa6ccb35-9a4c-4eba-9dfc-06955fa19d55</id>
    <title>ELEMENT</title>
    <item-type>
        <label>column</label>
        <label-prefix>spotfire</label-prefix>
        <is-container>false</is-container>
        <mime-type>application/xml</mime-type>
    </item-type>
    <created-by>Administrator@SPOTFIRE</created-by>
    <created>2024-03-08T11:20:18.000Z</created>
    <modified-by>Administrator@SPOTFIRE</modified-by>
    <modified>2024-06-04T21:50:12.000Z</modified>
    <accessed>2024-06-04T22:22:38.000Z</accessed>
    <properties>
        <property>
            <name>datatype</name>
            <value>string</value>
        </property>
        <property>
            <name>column</name>
            <value>ELEMENT</value>
        </property>
        <property>
            <name>table</name>
            <value>DC_E_BULK_CM_NRSECTORCARRIER_RAW</value>
        </property>
    </properties>
    <keywords/>
    <dependencies>
        <dependency>
            <requiredid>efc46167-2283-4cb4-9ddc-2d69413fabc7</requiredid>
            <description>Data source required by this column</description>
            <cascading-delete>false</cascading-delete>
        </dependency>
    </dependencies>
    <hidden>false</hidden>
</library-item>
<library-item>
    <id>5cd8b3b8-9f40-4dde-9945-8585e70e794a</id>
    <title>arfcnUL</title>
    <item-type>
        <label>column</label>
        <label-prefix>spotfire</label-prefix>
        <is-container>false</is-container>
        <mime-type>application/xml</mime-type>
    </item-type>
    <created-by>Administrator@SPOTFIRE</created-by>
    <created>2024-03-08T11:20:25.000Z</created>
    <modified-by>Administrator@SPOTFIRE</modified-by>
    <modified>2024-06-04T21:50:12.000Z</modified>
    <accessed>2024-06-04T22:22:38.000Z</accessed>
    <properties>
        <property>
            <name>datatype</name>
            <value>integer</value>
        </property>
        <property>
            <name>column</name>
            <value>arfcnUL</value>
        </property>
        <property>
            <name>table</name>
            <value>DC_E_BULK_CM_NRSECTORCARRIER_RAW</value>
        </property>
    </properties>
    <keywords/>
    <dependencies>
        <dependency>
            <requiredid>efc46167-2283-4cb4-9ddc-2d69413fabc7</requiredid>
            <description>Data source required by this column</description>
            <cascading-delete>false</cascading-delete>
        </dependency>
    </dependencies>
    <hidden>false</hidden>
</library-item>
<library-item>
    <id>7bf73efb-6f42-4c1a-af77-718c0ba76ebe</id>
    <title>bSChannelBwDL</title>
    <item-type>
        <label>column</label>
        <label-prefix>spotfire</label-prefix>
        <is-container>false</is-container>
        <mime-type>application/xml</mime-type>
    </item-type>
    <created-by>Administrator@SPOTFIRE</created-by>
    <created>2024-03-08T11:20:24.000Z</created>
    <modified-by>Administrator@SPOTFIRE</modified-by>
    <modified>2024-06-04T21:50:13.000Z</modified>
    <accessed>2024-06-04T22:22:38.000Z</accessed>
    <properties>
        <property>
            <name>datatype</name>
            <value>integer</value>
        </property>
        <property>
            <name>column</name>
            <value>bSChannelBwDL</value>
        </property>
        <property>
            <name>table</name>
            <value>DC_E_BULK_CM_NRSECTORCARRIER_RAW</value>
        </property>
    </properties>
    <keywords/>
    <dependencies>
        <dependency>
            <requiredid>efc46167-2283-4cb4-9ddc-2d69413fabc7</requiredid>
            <description>Data source required by this column</description>
            <cascading-delete>false</cascading-delete>
        </dependency>
    </dependencies>
    <hidden>false</hidden>
</library-item>
<library-item>
    <id>6aba1326-8ef5-4b38-852e-5ae98380dfa6</id>
    <title>latitude</title>
    <item-type>
        <label>column</label>
        <label-prefix>spotfire</label-prefix>
        <is-container>false</is-container>
        <mime-type>application/xml</mime-type>
    </item-type>
    <created-by>Administrator@SPOTFIRE</created-by>
    <created>2024-03-08T11:20:24.000Z</created>
    <modified-by>Administrator@SPOTFIRE</modified-by>
    <modified>2024-06-04T21:50:12.000Z</modified>
    <accessed>2024-06-04T22:22:38.000Z</accessed>
    <properties>
        <property>
            <name>datatype</name>
            <value>integer</value>
        </property>
        <property>
            <name>column</name>
            <value>latitude</value>
        </property>
        <property>
            <name>table</name>
            <value>DC_E_BULK_CM_NRSECTORCARRIER_RAW</value>
        </property>
    </properties>
    <keywords/>
    <dependencies>
        <dependency>
            <requiredid>efc46167-2283-4cb4-9ddc-2d69413fabc7</requiredid>
            <description>Data source required by this column</description>
            <cascading-delete>false</cascading-delete>
        </dependency>
    </dependencies>
    <hidden>false</hidden>
</library-item>
<library-item>
    <id>6326b535-a2b7-43c1-82f0-dca9e6b5dac8</id>
    <title>longitude</title>
    <item-type>
        <label>column</label>
        <label-prefix>spotfire</label-prefix>
        <is-container>false</is-container>
        <mime-type>application/xml</mime-type>
    </item-type>
    <created-by>Administrator@SPOTFIRE</created-by>
    <created>2024-03-08T11:20:24.000Z</created>
    <modified-by>Administrator@SPOTFIRE</modified-by>
    <modified>2024-06-04T21:50:12.000Z</modified>
    <accessed>2024-06-04T22:22:38.000Z</accessed>
    <properties>
        <property>
            <name>datatype</name>
            <value>integer</value>
        </property>
        <property>
            <name>column</name>
            <value>longitude</value>
        </property>
        <property>
            <name>table</name>
            <value>DC_E_BULK_CM_NRSECTORCARRIER_RAW</value>
        </property>
    </properties>
    <keywords/>
    <dependencies>
        <dependency>
            <requiredid>efc46167-2283-4cb4-9ddc-2d69413fabc7</requiredid>
            <description>Data source required by this column</description>
            <cascading-delete>false</cascading-delete>
        </dependency>
    </dependencies>
    <hidden>false</hidden>
</library-item>
<library-item>
    <id>bb277fcf-6266-4487-8c7e-2bf0783bc507</id>
    <title>frequencyDL</title>
    <item-type>
        <label>column</label>
        <label-prefix>spotfire</label-prefix>
        <is-container>false</is-container>
        <mime-type>application/xml</mime-type>
    </item-type>
    <created-by>Administrator@SPOTFIRE</created-by>
    <created>2024-03-08T11:20:25.000Z</created>
    <modified-by>Administrator@SPOTFIRE</modified-by>
    <modified>2024-06-04T21:50:13.000Z</modified>
    <accessed>2024-06-04T22:22:38.000Z</accessed>
    <properties>
        <property>
            <name>datatype</name>
            <value>integer</value>
        </property>
        <property>
            <name>column</name>
            <value>frequencyDL</value>
        </property>
        <property>
            <name>table</name>
            <value>DC_E_BULK_CM_NRSECTORCARRIER_RAW</value>
        </property>
    </properties>
    <keywords/>
    <dependencies>
        <dependency>
            <requiredid>efc46167-2283-4cb4-9ddc-2d69413fabc7</requiredid>
            <description>Data source required by this column</description>
            <cascading-delete>false</cascading-delete>
        </dependency>
    </dependencies>
    <hidden>false</hidden>
</library-item>
<library-item>
    <id>7346237e-a792-4d94-8d89-ac19eef29af2</id>
    <title>NRSectorCarrier</title>
    <item-type>
        <label>column</label>
        <label-prefix>spotfire</label-prefix>
        <is-container>false</is-container>
        <mime-type>application/xml</mime-type>
    </item-type>
    <created-by>Administrator@SPOTFIRE</created-by>
    <created>2024-03-08T11:20:18.000Z</created>
    <modified-by>Administrator@SPOTFIRE</modified-by>
    <modified>2024-06-04T21:50:13.000Z</modified>
    <accessed>2024-06-04T22:22:38.000Z</accessed>
    <properties>
        <property>
            <name>datatype</name>
            <value>string</value>
        </property>
        <property>
            <name>column</name>
            <value>NRSectorCarrier</value>
        </property>
        <property>
            <name>table</name>
            <value>DC_E_BULK_CM_NRSECTORCARRIER_RAW</value>
        </property>
    </properties>
    <keywords/>
    <dependencies>
        <dependency>
            <requiredid>efc46167-2283-4cb4-9ddc-2d69413fabc7</requiredid>
            <description>Data source required by this column</description>
            <cascading-delete>false</cascading-delete>
        </dependency>
    </dependencies>
    <hidden>false</hidden>
</library-item>
<library-item>
    <id>e35fde79-dbeb-4f7c-9e96-978d067cda8c</id>
    <title>bSChannelBwUL</title>
    <item-type>
        <label>column</label>
        <label-prefix>spotfire</label-prefix>
        <is-container>false</is-container>
        <mime-type>application/xml</mime-type>
    </item-type>
    <created-by>Administrator@SPOTFIRE</created-by>
    <created>2024-03-08T11:20:24.000Z</created>
    <modified-by>Administrator@SPOTFIRE</modified-by>
    <modified>2024-06-04T21:50:13.000Z</modified>
    <accessed>2024-06-04T22:22:38.000Z</accessed>
    <properties>
        <property>
            <name>datatype</name>
            <value>integer</value>
        </property>
        <property>
            <name>column</name>
            <value>bSChannelBwUL</value>
        </property>
        <property>
            <name>table</name>
            <value>DC_E_BULK_CM_NRSECTORCARRIER_RAW</value>
        </property>
    </properties>
    <keywords/>
    <dependencies>
        <dependency>
            <requiredid>efc46167-2283-4cb4-9ddc-2d69413fabc7</requiredid>
            <description>Data source required by this column</description>
            <cascading-delete>false</cascading-delete>
        </dependency>
    </dependencies>
    <hidden>false</hidden>
</library-item>
<library-item>
    <id>cb7c62ef-b506-4f8f-949b-03271397195c</id>
    <title>frequencyUL</title>
    <item-type>
        <label>column</label>
        <label-prefix>spotfire</label-prefix>
        <is-container>false</is-container>
        <mime-type>application/xml</mime-type>
    </item-type>
    <created-by>Administrator@SPOTFIRE</created-by>
    <created>2024-03-08T11:20:25.000Z</created>
    <modified-by>Administrator@SPOTFIRE</modified-by>
    <modified>2024-06-04T21:50:13.000Z</modified>
    <accessed>2024-06-04T22:22:38.000Z</accessed>
    <properties>
        <property>
            <name>datatype</name>
            <value>integer</value>
        </property>
        <property>
            <name>column</name>
            <value>frequencyUL</value>
        </property>
        <property>
            <name>table</name>
            <value>DC_E_BULK_CM_NRSECTORCARRIER_RAW</value>
        </property>
    </properties>
    <keywords/>
    <dependencies>
        <dependency>
            <requiredid>efc46167-2283-4cb4-9ddc-2d69413fabc7</requiredid>
            <description>Data source required by this column</description>
            <cascading-delete>false</cascading-delete>
        </dependency>
    </dependencies>
    <hidden>false</hidden>
</library-item>
<library-item>
    <id>eb0f771a-7552-430a-9fd6-9a886a316afc</id>
    <title>arfcnDL</title>
    <item-type>
        <label>column</label>
        <label-prefix>spotfire</label-prefix>
        <is-container>false</is-container>
        <mime-type>application/xml</mime-type>
    </item-type>
    <created-by>Administrator@SPOTFIRE</created-by>
    <created>2024-03-08T11:20:24.000Z</created>
    <modified-by>Administrator@SPOTFIRE</modified-by>
    <modified>2024-06-04T21:50:13.000Z</modified>
    <accessed>2024-06-04T22:22:38.000Z</accessed>
    <properties>
        <property>
            <name>datatype</name>
            <value>integer</value>
        </property>
        <property>
            <name>column</name>
            <value>arfcnDL</value>
        </property>
        <property>
            <name>table</name>
            <value>DC_E_BULK_CM_NRSECTORCARRIER_RAW</value>
        </property>
    </properties>
    <keywords/>
    <dependencies>
        <dependency>
            <requiredid>efc46167-2283-4cb4-9ddc-2d69413fabc7</requiredid>
            <description>Data source required by this column</description>
            <cascading-delete>false</cascading-delete>
        </dependency>
    </dependencies>
    <hidden>false</hidden>
</library-item>
                            </children>
                            <hidden>false</hidden>
                        </library-item>
                        <library-item>
                            <id>b56db4a5-1435-49c7-aad2-628dd987c360</id>
                            <title>DC_E_NR_EVENTS_NRCELLDU_V_DAY</title>
                            <item-type>
<label>folder</label>
<label-prefix>spotfire</label-prefix>
<is-container>true</is-container>
                            </item-type>
                            <created-by>Administrator@SPOTFIRE</created-by>
                            <created>2023-03-09T16:16:21.000Z</created>
                            <modified-by>Administrator@SPOTFIRE</modified-by>
                            <modified>2024-06-04T21:50:13.000Z</modified>
                            <accessed>2024-03-21T14:35:06.000Z</accessed>
                            <properties/>
                            <keywords/>
                            <children>
<library-item>
    <id>a4697485-0d23-4d92-a21d-d7e7fe61bf60</id>
    <title>DATE_ID</title>
    <item-type>
        <label>column</label>
        <label-prefix>spotfire</label-prefix>
        <is-container>false</is-container>
        <mime-type>application/xml</mime-type>
    </item-type>
    <created-by>Administrator@SPOTFIRE</created-by>
    <created>2023-04-04T10:34:32.000Z</created>
    <modified-by>Administrator@SPOTFIRE</modified-by>
    <modified>2024-06-04T21:50:13.000Z</modified>
    <accessed>2024-06-04T22:23:09.000Z</accessed>
    <properties>
        <property>
            <name>datatype</name>
            <value>date</value>
        </property>
        <property>
            <name>column</name>
            <value>DATE_ID</value>
        </property>
        <property>
            <name>table</name>
            <value>DC_E_NR_EVENTS_NRCELLDU_V_DAY</value>
        </property>
    </properties>
    <keywords/>
    <dependencies>
        <dependency>
            <requiredid>efc46167-2283-4cb4-9ddc-2d69413fabc7</requiredid>
            <description>Data source required by this column</description>
            <cascading-delete>false</cascading-delete>
        </dependency>
    </dependencies>
    <hidden>false</hidden>
</library-item>
<library-item>
    <id>56f04721-6ab1-4c94-ad6a-586ed62aa938</id>
    <title>failedULSamplesT3</title>
    <item-type>
        <label>column</label>
        <label-prefix>spotfire</label-prefix>
        <is-container>false</is-container>
        <mime-type>application/xml</mime-type>
    </item-type>
    <created-by>Administrator@SPOTFIRE</created-by>
    <created>2023-04-04T10:49:43.000Z</created>
    <modified-by>Administrator@SPOTFIRE</modified-by>
    <modified>2024-06-04T21:50:13.000Z</modified>
    <accessed>2024-06-04T22:23:09.000Z</accessed>
    <properties>
        <property>
            <name>datatype</name>
            <value>longinteger</value>
        </property>
        <property>
            <name>column</name>
            <value>pmEbsnMacUeThpUlMbbLowVolDistr</value>
        </property>
        <property>
            <name>table</name>
            <value>DC_E_NR_EVENTS_NRCELLDU_V_DAY</value>
        </property>
    </properties>
    <keywords/>
    <dependencies>
        <dependency>
            <requiredid>efc46167-2283-4cb4-9ddc-2d69413fabc7</requiredid>
            <description>Data source required by this column</description>
            <cascading-delete>false</cascading-delete>
        </dependency>
    </dependencies>
    <hidden>false</hidden>
</library-item>
<library-item>
    <id>886d5e42-e329-40ee-b7bd-a0064c157e86</id>
    <title>failedDLSamplesT5</title>
    <item-type>
        <label>column</label>
        <label-prefix>spotfire</label-prefix>
        <is-container>false</is-container>
        <mime-type>application/xml</mime-type>
    </item-type>
    <created-by>Administrator@SPOTFIRE</created-by>
    <created>2023-04-04T10:44:42.000Z</created>
    <modified-by>Administrator@SPOTFIRE</modified-by>
    <modified>2024-06-04T21:50:13.000Z</modified>
    <accessed>2024-06-04T22:23:09.000Z</accessed>
    <properties>
        <property>
            <name>datatype</name>
            <value>longinteger</value>
        </property>
        <property>
            <name>column</name>
            <value>pmEbsnMacDrbThpDlMbbLowVolDistr</value>
        </property>
        <property>
            <name>table</name>
            <value>DC_E_NR_EVENTS_NRCELLDU_V_DAY</value>
        </property>
    </properties>
    <keywords/>
    <dependencies>
        <dependency>
            <requiredid>efc46167-2283-4cb4-9ddc-2d69413fabc7</requiredid>
            <description>Data source required by this column</description>
            <cascading-delete>false</cascading-delete>
        </dependency>
    </dependencies>
    <hidden>false</hidden>
</library-item>
<library-item>
    <id>e179b42e-490e-49b8-8bf1-6109273fe65f</id>
    <title>failedDLSamplesT2</title>
    <item-type>
        <label>column</label>
        <label-prefix>spotfire</label-prefix>
        <is-container>false</is-container>
        <mime-type>application/xml</mime-type>
    </item-type>
    <created-by>Administrator@SPOTFIRE</created-by>
    <created>2023-04-04T10:40:43.000Z</created>
    <modified-by>Administrator@SPOTFIRE</modified-by>
    <modified>2024-06-04T21:50:13.000Z</modified>
    <accessed>2024-06-04T22:23:09.000Z</accessed>
    <properties>
        <property>
            <name>datatype</name>
            <value>longinteger</value>
        </property>
        <property>
            <name>column</name>
            <value>pmEbsnMacDrbThpDlMbbLowVolDistr</value>
        </property>
        <property>
            <name>table</name>
            <value>DC_E_NR_EVENTS_NRCELLDU_V_DAY</value>
        </property>
    </properties>
    <keywords/>
    <dependencies>
        <dependency>
            <requiredid>efc46167-2283-4cb4-9ddc-2d69413fabc7</requiredid>
            <description>Data source required by this column</description>
            <cascading-delete>false</cascading-delete>
        </dependency>
    </dependencies>
    <hidden>false</hidden>
</library-item>
<library-item>
    <id>79fc9972-b159-4a7d-a9c5-e43a45900773</id>
    <title>NR_NAME</title>
    <item-type>
        <label>column</label>
        <label-prefix>spotfire</label-prefix>
        <is-container>false</is-container>
        <mime-type>application/xml</mime-type>
    </item-type>
    <created-by>Administrator@SPOTFIRE</created-by>
    <created>2023-04-04T10:38:25.000Z</created>
    <modified-by>Administrator@SPOTFIRE</modified-by>
    <modified>2024-06-04T21:50:13.000Z</modified>
    <accessed>2024-06-04T22:23:09.000Z</accessed>
    <properties>
        <property>
            <name>datatype</name>
            <value>string</value>
        </property>
        <property>
            <name>column</name>
            <value>NR_NAME</value>
        </property>
        <property>
            <name>table</name>
            <value>DC_E_NR_EVENTS_NRCELLDU_V_DAY</value>
        </property>
    </properties>
    <keywords/>
    <dependencies>
        <dependency>
            <requiredid>efc46167-2283-4cb4-9ddc-2d69413fabc7</requiredid>
            <description>Data source required by this column</description>
            <cascading-delete>false</cascading-delete>
        </dependency>
    </dependencies>
    <hidden>false</hidden>
</library-item>
<library-item>
    <id>25736338-01f7-42cc-af7f-288d13001299</id>
    <title>failedDLSamplesT3</title>
    <item-type>
        <label>column</label>
        <label-prefix>spotfire</label-prefix>
        <is-container>false</is-container>
        <mime-type>application/xml</mime-type>
    </item-type>
    <created-by>Administrator@SPOTFIRE</created-by>
    <created>2023-04-04T10:42:11.000Z</created>
    <modified-by>Administrator@SPOTFIRE</modified-by>
    <modified>2024-06-04T21:50:13.000Z</modified>
    <accessed>2024-06-04T22:23:09.000Z</accessed>
    <properties>
        <property>
            <name>datatype</name>
            <value>longinteger</value>
        </property>
        <property>
            <name>column</name>
            <value>pmEbsnMacDrbThpDlMbbLowVolDistr</value>
        </property>
        <property>
            <name>table</name>
            <value>DC_E_NR_EVENTS_NRCELLDU_V_DAY</value>
        </property>
    </properties>
    <keywords/>
    <dependencies>
        <dependency>
            <requiredid>efc46167-2283-4cb4-9ddc-2d69413fabc7</requiredid>
            <description>Data source required by this column</description>
            <cascading-delete>false</cascading-delete>
        </dependency>
    </dependencies>
    <hidden>false</hidden>
</library-item>
<library-item>
    <id>461476e3-86a0-4a76-b2a6-812051c77bc9</id>
    <title>failedULSamplesT4</title>
    <item-type>
        <label>column</label>
        <label-prefix>spotfire</label-prefix>
        <is-container>false</is-container>
        <mime-type>application/xml</mime-type>
    </item-type>
    <created-by>Administrator@SPOTFIRE</created-by>
    <created>2023-04-04T10:50:21.000Z</created>
    <modified-by>Administrator@SPOTFIRE</modified-by>
    <modified>2024-06-04T21:50:13.000Z</modified>
    <accessed>2024-06-04T22:23:09.000Z</accessed>
    <properties>
        <property>
            <name>datatype</name>
            <value>longinteger</value>
        </property>
        <property>
            <name>column</name>
            <value>pmEbsnMacUeThpUlMbbLowVolDistr</value>
        </property>
        <property>
            <name>table</name>
            <value>DC_E_NR_EVENTS_NRCELLDU_V_DAY</value>
        </property>
    </properties>
    <keywords/>
    <dependencies>
        <dependency>
            <requiredid>efc46167-2283-4cb4-9ddc-2d69413fabc7</requiredid>
            <description>Data source required by this column</description>
            <cascading-delete>false</cascading-delete>
        </dependency>
    </dependencies>
    <hidden>false</hidden>
</library-item>
<library-item>
    <id>a28cf065-7abb-49b8-a956-099a50644a0a</id>
    <title>failedDLSamplesT4</title>
    <item-type>
        <label>column</label>
        <label-prefix>spotfire</label-prefix>
        <is-container>false</is-container>
        <mime-type>application/xml</mime-type>
    </item-type>
    <created-by>Administrator@SPOTFIRE</created-by>
    <created>2023-04-04T10:43:56.000Z</created>
    <modified-by>Administrator@SPOTFIRE</modified-by>
    <modified>2024-06-04T21:50:13.000Z</modified>
    <accessed>2024-06-04T22:23:09.000Z</accessed>
    <properties>
        <property>
            <name>datatype</name>
            <value>longinteger</value>
        </property>
        <property>
            <name>column</name>
            <value>pmEbsnMacDrbThpDlMbbLowVolDistr</value>
        </property>
        <property>
            <name>table</name>
            <value>DC_E_NR_EVENTS_NRCELLDU_V_DAY</value>
        </property>
    </properties>
    <keywords/>
    <dependencies>
        <dependency>
            <requiredid>efc46167-2283-4cb4-9ddc-2d69413fabc7</requiredid>
            <description>Data source required by this column</description>
            <cascading-delete>false</cascading-delete>
        </dependency>
    </dependencies>
    <hidden>false</hidden>
</library-item>
<library-item>
    <id>db740ac2-4a0e-42de-9838-82c1a252f85c</id>
    <title>totalDLSamples</title>
    <item-type>
        <label>column</label>
        <label-prefix>spotfire</label-prefix>
        <is-container>false</is-container>
        <mime-type>application/xml</mime-type>
    </item-type>
    <created-by>Administrator@SPOTFIRE</created-by>
    <created>2023-04-04T10:46:44.000Z</created>
    <modified-by>Administrator@SPOTFIRE</modified-by>
    <modified>2024-06-04T21:50:13.000Z</modified>
    <accessed>2024-06-04T22:23:09.000Z</accessed>
    <properties>
        <property>
            <name>datatype</name>
            <value>longinteger</value>
        </property>
        <property>
            <name>column</name>
            <value>pmEbsnMacDrbThpDlMbbLowVolDistr</value>
        </property>
        <property>
            <name>table</name>
            <value>DC_E_NR_EVENTS_NRCELLDU_V_DAY</value>
        </property>
    </properties>
    <keywords/>
    <dependencies>
        <dependency>
            <requiredid>efc46167-2283-4cb4-9ddc-2d69413fabc7</requiredid>
            <description>Data source required by this column</description>
            <cascading-delete>false</cascading-delete>
        </dependency>
    </dependencies>
    <hidden>false</hidden>
</library-item>
<library-item>
    <id>4ee783aa-a7ad-49b4-be35-3616ae5de392</id>
    <title>failedULSamplesT1</title>
    <item-type>
        <label>column</label>
        <label-prefix>spotfire</label-prefix>
        <is-container>false</is-container>
        <mime-type>application/xml</mime-type>
    </item-type>
    <created-by>Administrator@SPOTFIRE</created-by>
    <created>2023-04-04T10:49:18.000Z</created>
    <modified-by>Administrator@SPOTFIRE</modified-by>
    <modified>2024-06-04T21:50:13.000Z</modified>
    <accessed>2024-06-04T22:23:09.000Z</accessed>
    <properties>
        <property>
            <name>datatype</name>
            <value>longinteger</value>
        </property>
        <property>
            <name>column</name>
            <value>pmEbsnMacUeThpUlMbbLowVolDistr</value>
        </property>
        <property>
            <name>table</name>
            <value>DC_E_NR_EVENTS_NRCELLDU_V_DAY</value>
        </property>
    </properties>
    <keywords/>
    <dependencies>
        <dependency>
            <requiredid>efc46167-2283-4cb4-9ddc-2d69413fabc7</requiredid>
            <description>Data source required by this column</description>
            <cascading-delete>false</cascading-delete>
        </dependency>
    </dependencies>
    <hidden>false</hidden>
</library-item>
<library-item>
    <id>cc5ef8ba-6d5c-412a-bd4b-0868062576c5</id>
    <title>failedULSamplesT2</title>
    <item-type>
        <label>column</label>
        <label-prefix>spotfire</label-prefix>
        <is-container>false</is-container>
        <mime-type>application/xml</mime-type>
    </item-type>
    <created-by>Administrator@SPOTFIRE</created-by>
    <created>2023-04-04T10:49:28.000Z</created>
    <modified-by>Administrator@SPOTFIRE</modified-by>
    <modified>2024-06-04T21:50:13.000Z</modified>
    <accessed>2024-06-04T22:23:09.000Z</accessed>
    <properties>
        <property>
            <name>datatype</name>
            <value>longinteger</value>
        </property>
        <property>
            <name>column</name>
            <value>pmEbsnMacUeThpUlMbbLowVolDistr</value>
        </property>
        <property>
            <name>table</name>
            <value>DC_E_NR_EVENTS_NRCELLDU_V_DAY</value>
        </property>
    </properties>
    <keywords/>
    <dependencies>
        <dependency>
            <requiredid>efc46167-2283-4cb4-9ddc-2d69413fabc7</requiredid>
            <description>Data source required by this column</description>
            <cascading-delete>false</cascading-delete>
        </dependency>
    </dependencies>
    <hidden>false</hidden>
</library-item>
<library-item>
    <id>f06d761a-c538-4f70-8f55-1b2a1de945b6</id>
    <title>NRCellDU</title>
    <item-type>
        <label>column</label>
        <label-prefix>spotfire</label-prefix>
        <is-container>false</is-container>
        <mime-type>application/xml</mime-type>
    </item-type>
    <created-by>Administrator@SPOTFIRE</created-by>
    <created>2023-04-04T10:39:00.000Z</created>
    <modified-by>Administrator@SPOTFIRE</modified-by>
    <modified>2024-06-04T21:50:13.000Z</modified>
    <accessed>2024-06-04T22:23:09.000Z</accessed>
    <properties>
        <property>
            <name>datatype</name>
            <value>string</value>
        </property>
        <property>
            <name>column</name>
            <value>NRCellDU</value>
        </property>
        <property>
            <name>table</name>
            <value>DC_E_NR_EVENTS_NRCELLDU_V_DAY</value>
        </property>
    </properties>
    <keywords/>
    <dependencies>
        <dependency>
            <requiredid>efc46167-2283-4cb4-9ddc-2d69413fabc7</requiredid>
            <description>Data source required by this column</description>
            <cascading-delete>false</cascading-delete>
        </dependency>
    </dependencies>
    <hidden>false</hidden>
</library-item>
<library-item>
    <id>c09a0b47-2a07-4a5a-b434-f6d85e61e71c</id>
    <title>failedDLSamplesT1</title>
    <item-type>
        <label>column</label>
        <label-prefix>spotfire</label-prefix>
        <is-container>false</is-container>
        <mime-type>application/xml</mime-type>
    </item-type>
    <created-by>Administrator@SPOTFIRE</created-by>
    <created>2023-04-04T10:39:00.000Z</created>
    <modified-by>Administrator@SPOTFIRE</modified-by>
    <modified>2024-06-04T21:50:13.000Z</modified>
    <accessed>2024-06-04T22:23:09.000Z</accessed>
    <properties>
        <property>
            <name>datatype</name>
            <value>longinteger</value>
        </property>
        <property>
            <name>column</name>
            <value>pmEbsnMacDrbThpDlMbbLowVolDistr</value>
        </property>
        <property>
            <name>table</name>
            <value>DC_E_NR_EVENTS_NRCELLDU_V_DAY</value>
        </property>
    </properties>
    <keywords/>
    <dependencies>
        <dependency>
            <requiredid>efc46167-2283-4cb4-9ddc-2d69413fabc7</requiredid>
            <description>Data source required by this column</description>
            <cascading-delete>false</cascading-delete>
        </dependency>
    </dependencies>
    <hidden>false</hidden>
</library-item>
<library-item>
    <id>dde02cd2-a782-4d5c-826c-acb45082df86</id>
    <title>SN</title>
    <item-type>
        <label>column</label>
        <label-prefix>spotfire</label-prefix>
        <is-container>false</is-container>
        <mime-type>application/xml</mime-type>
    </item-type>
    <created-by>Administrator@SPOTFIRE</created-by>
    <created>2023-04-04T10:39:00.000Z</created>
    <modified-by>Administrator@SPOTFIRE</modified-by>
    <modified>2024-06-04T21:50:13.000Z</modified>
    <accessed>2024-06-04T22:23:09.000Z</accessed>
    <properties>
        <property>
            <name>datatype</name>
            <value>string</value>
        </property>
        <property>
            <name>column</name>
            <value>SN</value>
        </property>
        <property>
            <name>table</name>
            <value>DC_E_NR_EVENTS_NRCELLDU_V_DAY</value>
        </property>
    </properties>
    <keywords/>
    <dependencies>
        <dependency>
            <requiredid>efc46167-2283-4cb4-9ddc-2d69413fabc7</requiredid>
            <description>Data source required by this column</description>
            <cascading-delete>false</cascading-delete>
        </dependency>
    </dependencies>
    <hidden>false</hidden>
</library-item>
<library-item>
    <id>7975c759-1e26-4b21-a0e5-5358c68e971e</id>
    <title>failedULSamplesT5</title>
    <item-type>
        <label>column</label>
        <label-prefix>spotfire</label-prefix>
        <is-container>false</is-container>
        <mime-type>application/xml</mime-type>
    </item-type>
    <created-by>Administrator@SPOTFIRE</created-by>
    <created>2023-04-04T10:50:29.000Z</created>
    <modified-by>Administrator@SPOTFIRE</modified-by>
    <modified>2024-06-04T21:50:13.000Z</modified>
    <accessed>2024-06-04T22:23:09.000Z</accessed>
    <properties>
        <property>
            <name>datatype</name>
            <value>longinteger</value>
        </property>
        <property>
            <name>column</name>
            <value>pmEbsnMacUeThpUlMbbLowVolDistr</value>
        </property>
        <property>
            <name>table</name>
            <value>DC_E_NR_EVENTS_NRCELLDU_V_DAY</value>
        </property>
    </properties>
    <keywords/>
    <dependencies>
        <dependency>
            <requiredid>efc46167-2283-4cb4-9ddc-2d69413fabc7</requiredid>
            <description>Data source required by this column</description>
            <cascading-delete>false</cascading-delete>
        </dependency>
    </dependencies>
    <hidden>false</hidden>
</library-item>
<library-item>
    <id>2cf1d61e-be73-4618-b820-57412eda964b</id>
    <title>totalULSamples</title>
    <item-type>
        <label>column</label>
        <label-prefix>spotfire</label-prefix>
        <is-container>false</is-container>
        <mime-type>application/xml</mime-type>
    </item-type>
    <created-by>Administrator@SPOTFIRE</created-by>
    <created>2023-04-04T10:50:42.000Z</created>
    <modified-by>Administrator@SPOTFIRE</modified-by>
    <modified>2024-06-04T21:50:13.000Z</modified>
    <accessed>2024-06-04T22:23:09.000Z</accessed>
    <properties>
        <property>
            <name>datatype</name>
            <value>longinteger</value>
        </property>
        <property>
            <name>column</name>
            <value>pmEbsnMacUeThpUlMbbLowVolDistr</value>
        </property>
        <property>
            <name>table</name>
            <value>DC_E_NR_EVENTS_NRCELLDU_V_DAY</value>
        </property>
    </properties>
    <keywords/>
    <dependencies>
        <dependency>
            <requiredid>efc46167-2283-4cb4-9ddc-2d69413fabc7</requiredid>
            <description>Data source required by this column</description>
            <cascading-delete>false</cascading-delete>
        </dependency>
    </dependencies>
    <hidden>false</hidden>
</library-item>
                            </children>
                            <hidden>false</hidden>
                        </library-item>
                        <library-item>
                            <id>d6ccb99a-7dc4-4d3b-adac-9d107f9c5eb1</id>
                            <title>DC_E_NR_EVENTS_NRCELLDU_V_RAW</title>
                            <item-type>
<label>folder</label>
<label-prefix>spotfire</label-prefix>
<is-container>true</is-container>
                            </item-type>
                            <created-by>Administrator@SPOTFIRE</created-by>
                            <created>2023-03-29T14:44:12.000Z</created>
                            <modified-by>Administrator@SPOTFIRE</modified-by>
                            <modified>2024-06-04T21:50:12.000Z</modified>
                            <accessed>2023-09-06T14:21:31.000Z</accessed>
                            <properties/>
                            <keywords/>
                            <children>
<library-item>
    <id>15004374-2b94-41da-a922-3da75b819401</id>
    <title>FLEX_FILTERNAME</title>
    <item-type>
        <label>column</label>
        <label-prefix>spotfire</label-prefix>
        <is-container>false</is-container>
        <mime-type>application/xml</mime-type>
    </item-type>
    <created-by>Administrator@SPOTFIRE</created-by>
    <created>2023-03-29T16:04:23.000Z</created>
    <modified-by>Administrator@SPOTFIRE</modified-by>
    <modified>2024-06-04T21:50:12.000Z</modified>
    <accessed>2024-06-04T21:50:12.000Z</accessed>
    <properties>
        <property>
            <name>datatype</name>
            <value>string</value>
        </property>
        <property>
            <name>column</name>
            <value>FLEX_FILTERNAME</value>
        </property>
        <property>
            <name>table</name>
            <value>DC_E_NR_EVENTS_NRCELLDU_V_RAW</value>
        </property>
    </properties>
    <keywords/>
    <dependencies>
        <dependency>
            <requiredid>efc46167-2283-4cb4-9ddc-2d69413fabc7</requiredid>
            <description>Data source required by this column</description>
            <cascading-delete>false</cascading-delete>
        </dependency>
    </dependencies>
    <hidden>false</hidden>
</library-item>
<library-item>
    <id>80b411da-a80e-4796-beac-3cc2682f4254</id>
    <title>failedULSamplesT5</title>
    <item-type>
        <label>column</label>
        <label-prefix>spotfire</label-prefix>
        <is-container>false</is-container>
        <mime-type>application/xml</mime-type>
    </item-type>
    <created-by>Administrator@SPOTFIRE</created-by>
    <created>2023-03-29T14:56:49.000Z</created>
    <modified-by>Administrator@SPOTFIRE</modified-by>
    <modified>2024-06-04T21:50:12.000Z</modified>
    <accessed>2024-06-04T22:23:09.000Z</accessed>
    <properties>
        <property>
            <name>datatype</name>
            <value>longinteger</value>
        </property>
        <property>
            <name>column</name>
            <value>pmEbsnMacUeThpUlMbbLowVolDistr</value>
        </property>
        <property>
            <name>table</name>
            <value>DC_E_NR_EVENTS_NRCELLDU_V_RAW</value>
        </property>
    </properties>
    <keywords/>
    <dependencies>
        <dependency>
            <requiredid>efc46167-2283-4cb4-9ddc-2d69413fabc7</requiredid>
            <description>Data source required by this column</description>
            <cascading-delete>false</cascading-delete>
        </dependency>
    </dependencies>
    <hidden>false</hidden>
</library-item>
<library-item>
    <id>7175156c-0542-4ce1-9e23-8cab42547896</id>
    <title>failedDLSamplesT1</title>
    <item-type>
        <label>column</label>
        <label-prefix>spotfire</label-prefix>
        <is-container>false</is-container>
        <mime-type>application/xml</mime-type>
    </item-type>
    <created-by>Administrator@SPOTFIRE</created-by>
    <created>2023-03-29T14:47:52.000Z</created>
    <modified-by>Administrator@SPOTFIRE</modified-by>
    <modified>2024-06-04T21:50:12.000Z</modified>
    <accessed>2024-06-04T22:23:09.000Z</accessed>
    <properties>
        <property>
            <name>datatype</name>
            <value>longinteger</value>
        </property>
        <property>
            <name>column</name>
            <value>pmEbsnMacDrbThpDlMbbLowVolDistr</value>
        </property>
        <property>
            <name>table</name>
            <value>DC_E_NR_EVENTS_NRCELLDU_V_RAW</value>
        </property>
    </properties>
    <keywords/>
    <dependencies>
        <dependency>
            <requiredid>efc46167-2283-4cb4-9ddc-2d69413fabc7</requiredid>
            <description>Data source required by this column</description>
            <cascading-delete>false</cascading-delete>
        </dependency>
    </dependencies>
    <hidden>false</hidden>
</library-item>
<library-item>
    <id>38f75a2a-f47d-4aae-b318-b6628f26d9b4</id>
    <title>failedDLSamplesT2</title>
    <item-type>
        <label>column</label>
        <label-prefix>spotfire</label-prefix>
        <is-container>false</is-container>
        <mime-type>application/xml</mime-type>
    </item-type>
    <created-by>Administrator@SPOTFIRE</created-by>
    <created>2023-03-29T14:49:39.000Z</created>
    <modified-by>Administrator@SPOTFIRE</modified-by>
    <modified>2024-06-04T21:50:12.000Z</modified>
    <accessed>2024-06-04T22:23:09.000Z</accessed>
    <properties>
        <property>
            <name>datatype</name>
            <value>longinteger</value>
        </property>
        <property>
            <name>column</name>
            <value>pmEbsnMacDrbThpDlMbbLowVolDistr</value>
        </property>
        <property>
            <name>table</name>
            <value>DC_E_NR_EVENTS_NRCELLDU_V_RAW</value>
        </property>
    </properties>
    <keywords/>
    <dependencies>
        <dependency>
            <requiredid>efc46167-2283-4cb4-9ddc-2d69413fabc7</requiredid>
            <description>Data source required by this column</description>
            <cascading-delete>false</cascading-delete>
        </dependency>
    </dependencies>
    <hidden>false</hidden>
</library-item>
<library-item>
    <id>cede3df8-e890-4fd6-9f25-e117f8c34d5f</id>
    <title>OSS_ID</title>
    <item-type>
        <label>column</label>
        <label-prefix>spotfire</label-prefix>
        <is-container>false</is-container>
        <mime-type>application/xml</mime-type>
    </item-type>
    <created-by>Administrator@SPOTFIRE</created-by>
    <created>2023-03-29T16:04:23.000Z</created>
    <modified-by>Administrator@SPOTFIRE</modified-by>
    <modified>2024-06-04T21:50:12.000Z</modified>
    <accessed>2024-06-04T21:50:12.000Z</accessed>
    <properties>
        <property>
            <name>datatype</name>
            <value>string</value>
        </property>
        <property>
            <name>column</name>
            <value>OSS_ID</value>
        </property>
        <property>
            <name>table</name>
            <value>DC_E_NR_EVENTS_NRCELLDU_V_RAW</value>
        </property>
    </properties>
    <keywords/>
    <dependencies>
        <dependency>
            <requiredid>efc46167-2283-4cb4-9ddc-2d69413fabc7</requiredid>
            <description>Data source required by this column</description>
            <cascading-delete>false</cascading-delete>
        </dependency>
    </dependencies>
    <hidden>false</hidden>
</library-item>
<library-item>
    <id>0fd8a13d-f9c3-4b32-86e0-22604190b62a</id>
    <title>NRCellDU</title>
    <item-type>
        <label>column</label>
        <label-prefix>spotfire</label-prefix>
        <is-container>false</is-container>
        <mime-type>application/xml</mime-type>
    </item-type>
    <created-by>Administrator@SPOTFIRE</created-by>
    <created>2023-03-29T16:04:23.000Z</created>
    <modified-by>Administrator@SPOTFIRE</modified-by>
    <modified>2024-06-04T21:50:12.000Z</modified>
    <accessed>2024-06-04T22:23:09.000Z</accessed>
    <properties>
        <property>
            <name>datatype</name>
            <value>string</value>
        </property>
        <property>
            <name>column</name>
            <value>NRCellDU</value>
        </property>
        <property>
            <name>table</name>
            <value>DC_E_NR_EVENTS_NRCELLDU_V_RAW</value>
        </property>
    </properties>
    <keywords/>
    <dependencies>
        <dependency>
            <requiredid>efc46167-2283-4cb4-9ddc-2d69413fabc7</requiredid>
            <description>Data source required by this column</description>
            <cascading-delete>false</cascading-delete>
        </dependency>
    </dependencies>
    <hidden>false</hidden>
</library-item>
<library-item>
    <id>67e5af96-c338-4d84-8a8b-f3b7be5a9bc3</id>
    <title>SN</title>
    <item-type>
        <label>column</label>
        <label-prefix>spotfire</label-prefix>
        <is-container>false</is-container>
        <mime-type>application/xml</mime-type>
    </item-type>
    <created-by>Administrator@SPOTFIRE</created-by>
    <created>2023-03-29T16:04:23.000Z</created>
    <modified-by>Administrator@SPOTFIRE</modified-by>
    <modified>2024-06-04T21:50:12.000Z</modified>
    <accessed>2024-06-04T22:23:09.000Z</accessed>
    <properties>
        <property>
            <name>datatype</name>
            <value>string</value>
        </property>
        <property>
            <name>column</name>
            <value>SN</value>
        </property>
        <property>
            <name>table</name>
            <value>DC_E_NR_EVENTS_NRCELLDU_V_RAW</value>
        </property>
    </properties>
    <keywords/>
    <dependencies>
        <dependency>
            <requiredid>efc46167-2283-4cb4-9ddc-2d69413fabc7</requiredid>
            <description>Data source required by this column</description>
            <cascading-delete>false</cascading-delete>
        </dependency>
    </dependencies>
    <hidden>false</hidden>
</library-item>
<library-item>
    <id>51055574-0615-47d2-a5cb-99425a0c90e7</id>
    <title>failedDLSamplesT3</title>
    <item-type>
        <label>column</label>
        <label-prefix>spotfire</label-prefix>
        <is-container>false</is-container>
        <mime-type>application/xml</mime-type>
    </item-type>
    <created-by>Administrator@SPOTFIRE</created-by>
    <created>2023-03-29T14:51:26.000Z</created>
    <modified-by>Administrator@SPOTFIRE</modified-by>
    <modified>2024-06-04T21:50:12.000Z</modified>
    <accessed>2024-06-04T22:23:09.000Z</accessed>
    <properties>
        <property>
            <name>datatype</name>
            <value>longinteger</value>
        </property>
        <property>
            <name>column</name>
            <value>pmEbsnMacDrbThpDlMbbLowVolDistr</value>
        </property>
        <property>
            <name>table</name>
            <value>DC_E_NR_EVENTS_NRCELLDU_V_RAW</value>
        </property>
    </properties>
    <keywords/>
    <dependencies>
        <dependency>
            <requiredid>efc46167-2283-4cb4-9ddc-2d69413fabc7</requiredid>
            <description>Data source required by this column</description>
            <cascading-delete>false</cascading-delete>
        </dependency>
    </dependencies>
    <hidden>false</hidden>
</library-item>
<library-item>
    <id>780c551a-59ef-4b0d-885f-fe5df9aaf173</id>
    <title>totalDLSamples</title>
    <item-type>
        <label>column</label>
        <label-prefix>spotfire</label-prefix>
        <is-container>false</is-container>
        <mime-type>application/xml</mime-type>
    </item-type>
    <created-by>Administrator@SPOTFIRE</created-by>
    <created>2023-03-29T16:04:23.000Z</created>
    <modified-by>Administrator@SPOTFIRE</modified-by>
    <modified>2024-06-04T21:50:12.000Z</modified>
    <accessed>2024-06-04T22:23:09.000Z</accessed>
    <properties>
        <property>
            <name>datatype</name>
            <value>longinteger</value>
        </property>
        <property>
            <name>column</name>
            <value>pmEbsnMacDrbThpDlMbbLowVolDistr</value>
        </property>
        <property>
            <name>table</name>
            <value>DC_E_NR_EVENTS_NRCELLDU_V_RAW</value>
        </property>
    </properties>
    <keywords/>
    <dependencies>
        <dependency>
            <requiredid>efc46167-2283-4cb4-9ddc-2d69413fabc7</requiredid>
            <description>Data source required by this column</description>
            <cascading-delete>false</cascading-delete>
        </dependency>
    </dependencies>
    <hidden>false</hidden>
</library-item>
<library-item>
    <id>c3e92619-3443-446a-9624-5fd542963551</id>
    <title>totalULSamples</title>
    <item-type>
        <label>column</label>
        <label-prefix>spotfire</label-prefix>
        <is-container>false</is-container>
        <mime-type>application/xml</mime-type>
    </item-type>
    <created-by>Administrator@SPOTFIRE</created-by>
    <created>2023-03-29T16:04:23.000Z</created>
    <modified-by>Administrator@SPOTFIRE</modified-by>
    <modified>2024-06-04T21:50:12.000Z</modified>
    <accessed>2024-06-04T22:23:09.000Z</accessed>
    <properties>
        <property>
            <name>datatype</name>
            <value>longinteger</value>
        </property>
        <property>
            <name>column</name>
            <value>pmEbsnMacUeThpUlMbbLowVolDistr</value>
        </property>
        <property>
            <name>table</name>
            <value>DC_E_NR_EVENTS_NRCELLDU_V_RAW</value>
        </property>
    </properties>
    <keywords/>
    <dependencies>
        <dependency>
            <requiredid>efc46167-2283-4cb4-9ddc-2d69413fabc7</requiredid>
            <description>Data source required by this column</description>
            <cascading-delete>false</cascading-delete>
        </dependency>
    </dependencies>
    <hidden>false</hidden>
</library-item>
<library-item>
    <id>fc9e2094-5d97-45f3-9011-2dc79a95497f</id>
    <title>HOUR_ID</title>
    <item-type>
        <label>column</label>
        <label-prefix>spotfire</label-prefix>
        <is-container>false</is-container>
        <mime-type>application/xml</mime-type>
    </item-type>
    <created-by>Administrator@SPOTFIRE</created-by>
    <created>2023-03-29T16:04:23.000Z</created>
    <modified-by>Administrator@SPOTFIRE</modified-by>
    <modified>2024-06-04T21:50:12.000Z</modified>
    <accessed>2024-06-04T22:23:09.000Z</accessed>
    <properties>
        <property>
            <name>datatype</name>
            <value>integer</value>
        </property>
        <property>
            <name>column</name>
            <value>HOUR_ID</value>
        </property>
        <property>
            <name>table</name>
            <value>DC_E_NR_EVENTS_NRCELLDU_V_RAW</value>
        </property>
    </properties>
    <keywords/>
    <dependencies>
        <dependency>
            <requiredid>efc46167-2283-4cb4-9ddc-2d69413fabc7</requiredid>
            <description>Data source required by this column</description>
            <cascading-delete>false</cascading-delete>
        </dependency>
    </dependencies>
    <hidden>false</hidden>
</library-item>
<library-item>
    <id>1faa3229-5df8-4e74-9911-4e4fcf0666d1</id>
    <title>NR_NAME</title>
    <item-type>
        <label>column</label>
        <label-prefix>spotfire</label-prefix>
        <is-container>false</is-container>
        <mime-type>application/xml</mime-type>
    </item-type>
    <created-by>Administrator@SPOTFIRE</created-by>
    <created>2023-03-29T16:04:23.000Z</created>
    <modified-by>Administrator@SPOTFIRE</modified-by>
    <modified>2024-06-04T21:50:12.000Z</modified>
    <accessed>2024-06-04T22:23:09.000Z</accessed>
    <properties>
        <property>
            <name>datatype</name>
            <value>string</value>
        </property>
        <property>
            <name>column</name>
            <value>NR_NAME</value>
        </property>
        <property>
            <name>table</name>
            <value>DC_E_NR_EVENTS_NRCELLDU_V_RAW</value>
        </property>
    </properties>
    <keywords/>
    <dependencies>
        <dependency>
            <requiredid>efc46167-2283-4cb4-9ddc-2d69413fabc7</requiredid>
            <description>Data source required by this column</description>
            <cascading-delete>false</cascading-delete>
        </dependency>
    </dependencies>
    <hidden>false</hidden>
</library-item>
<library-item>
    <id>aa4ec650-4e44-4226-afc0-e4b17f893663</id>
    <title>failedDLSamplesT4</title>
    <item-type>
        <label>column</label>
        <label-prefix>spotfire</label-prefix>
        <is-container>false</is-container>
        <mime-type>application/xml</mime-type>
    </item-type>
    <created-by>Administrator@SPOTFIRE</created-by>
    <created>2023-03-29T14:52:29.000Z</created>
    <modified-by>Administrator@SPOTFIRE</modified-by>
    <modified>2024-06-04T21:50:12.000Z</modified>
    <accessed>2024-06-04T22:23:09.000Z</accessed>
    <properties>
        <property>
            <name>datatype</name>
            <value>longinteger</value>
        </property>
        <property>
            <name>column</name>
            <value>pmEbsnMacDrbThpDlMbbLowVolDistr</value>
        </property>
        <property>
            <name>table</name>
            <value>DC_E_NR_EVENTS_NRCELLDU_V_RAW</value>
        </property>
    </properties>
    <keywords/>
    <dependencies>
        <dependency>
            <requiredid>efc46167-2283-4cb4-9ddc-2d69413fabc7</requiredid>
            <description>Data source required by this column</description>
            <cascading-delete>false</cascading-delete>
        </dependency>
    </dependencies>
    <hidden>false</hidden>
</library-item>
<library-item>
    <id>97c25f45-c1df-41fd-b4b5-132ce6fc326d</id>
    <title>failedULSamplesT3</title>
    <item-type>
        <label>column</label>
        <label-prefix>spotfire</label-prefix>
        <is-container>false</is-container>
        <mime-type>application/xml</mime-type>
    </item-type>
    <created-by>Administrator@SPOTFIRE</created-by>
    <created>2023-03-29T14:55:27.000Z</created>
    <modified-by>Administrator@SPOTFIRE</modified-by>
    <modified>2024-06-04T21:50:12.000Z</modified>
    <accessed>2024-06-04T22:23:09.000Z</accessed>
    <properties>
        <property>
            <name>datatype</name>
            <value>longinteger</value>
        </property>
        <property>
            <name>column</name>
            <value>pmEbsnMacUeThpUlMbbLowVolDistr</value>
        </property>
        <property>
            <name>table</name>
            <value>DC_E_NR_EVENTS_NRCELLDU_V_RAW</value>
        </property>
    </properties>
    <keywords/>
    <dependencies>
        <dependency>
            <requiredid>efc46167-2283-4cb4-9ddc-2d69413fabc7</requiredid>
            <description>Data source required by this column</description>
            <cascading-delete>false</cascading-delete>
        </dependency>
    </dependencies>
    <hidden>false</hidden>
</library-item>
<library-item>
    <id>617ca41d-4356-4784-8841-0b8b4809dffe</id>
    <title>failedDLSamplesT5</title>
    <item-type>
        <label>column</label>
        <label-prefix>spotfire</label-prefix>
        <is-container>false</is-container>
        <mime-type>application/xml</mime-type>
    </item-type>
    <created-by>Administrator@SPOTFIRE</created-by>
    <created>2023-03-29T14:52:38.000Z</created>
    <modified-by>Administrator@SPOTFIRE</modified-by>
    <modified>2024-06-04T21:50:12.000Z</modified>
    <accessed>2024-06-04T22:23:09.000Z</accessed>
    <properties>
        <property>
            <name>datatype</name>
            <value>longinteger</value>
        </property>
        <property>
            <name>column</name>
            <value>pmEbsnMacDrbThpDlMbbLowVolDistr</value>
        </property>
        <property>
            <name>table</name>
            <value>DC_E_NR_EVENTS_NRCELLDU_V_RAW</value>
        </property>
    </properties>
    <keywords/>
    <dependencies>
        <dependency>
            <requiredid>efc46167-2283-4cb4-9ddc-2d69413fabc7</requiredid>
            <description>Data source required by this column</description>
            <cascading-delete>false</cascading-delete>
        </dependency>
    </dependencies>
    <hidden>false</hidden>
</library-item>
<library-item>
    <id>ebf6a0f8-a46c-49ac-8d5b-e13b2386f1e7</id>
    <title>failedULSamplesT4</title>
    <item-type>
        <label>column</label>
        <label-prefix>spotfire</label-prefix>
        <is-container>false</is-container>
        <mime-type>application/xml</mime-type>
    </item-type>
    <created-by>Administrator@SPOTFIRE</created-by>
    <created>2023-03-29T14:55:42.000Z</created>
    <modified-by>Administrator@SPOTFIRE</modified-by>
    <modified>2024-06-04T21:50:12.000Z</modified>
    <accessed>2024-06-04T22:23:09.000Z</accessed>
    <properties>
        <property>
            <name>datatype</name>
            <value>longinteger</value>
        </property>
        <property>
            <name>column</name>
            <value>pmEbsnMacUeThpUlMbbLowVolDistr</value>
        </property>
        <property>
            <name>table</name>
            <value>DC_E_NR_EVENTS_NRCELLDU_V_RAW</value>
        </property>
    </properties>
    <keywords/>
    <dependencies>
        <dependency>
            <requiredid>efc46167-2283-4cb4-9ddc-2d69413fabc7</requiredid>
            <description>Data source required by this column</description>
            <cascading-delete>false</cascading-delete>
        </dependency>
    </dependencies>
    <hidden>false</hidden>
</library-item>
<library-item>
    <id>566f3306-533f-4fc5-bccb-cae09c694fae</id>
    <title>DATE_ID</title>
    <item-type>
        <label>column</label>
        <label-prefix>spotfire</label-prefix>
        <is-container>false</is-container>
        <mime-type>application/xml</mime-type>
    </item-type>
    <created-by>Administrator@SPOTFIRE</created-by>
    <created>2023-03-29T16:37:49.000Z</created>
    <modified-by>Administrator@SPOTFIRE</modified-by>
    <modified>2024-06-04T21:50:12.000Z</modified>
    <accessed>2024-06-04T22:23:09.000Z</accessed>
    <properties>
        <property>
            <name>datatype</name>
            <value>date</value>
        </property>
        <property>
            <name>column</name>
            <value>DATE_ID</value>
        </property>
        <property>
            <name>table</name>
            <value>DC_E_NR_EVENTS_NRCELLDU_V_RAW</value>
        </property>
    </properties>
    <keywords/>
    <dependencies>
        <dependency>
            <requiredid>efc46167-2283-4cb4-9ddc-2d69413fabc7</requiredid>
            <description>Data source required by this column</description>
            <cascading-delete>false</cascading-delete>
        </dependency>
    </dependencies>
    <hidden>false</hidden>
</library-item>
<library-item>
    <id>1a58e6ce-4804-4dd6-a783-c1912afab8da</id>
    <title>failedULSamplesT1</title>
    <item-type>
        <label>column</label>
        <label-prefix>spotfire</label-prefix>
        <is-container>false</is-container>
        <mime-type>application/xml</mime-type>
    </item-type>
    <created-by>Administrator@SPOTFIRE</created-by>
    <created>2023-03-29T14:54:09.000Z</created>
    <modified-by>Administrator@SPOTFIRE</modified-by>
    <modified>2024-06-04T21:50:12.000Z</modified>
    <accessed>2024-06-04T22:23:09.000Z</accessed>
    <properties>
        <property>
            <name>datatype</name>
            <value>longinteger</value>
        </property>
        <property>
            <name>column</name>
            <value>pmEbsnMacUeThpUlMbbLowVolDistr</value>
        </property>
        <property>
            <name>table</name>
            <value>DC_E_NR_EVENTS_NRCELLDU_V_RAW</value>
        </property>
    </properties>
    <keywords/>
    <dependencies>
        <dependency>
            <requiredid>efc46167-2283-4cb4-9ddc-2d69413fabc7</requiredid>
            <description>Data source required by this column</description>
            <cascading-delete>false</cascading-delete>
        </dependency>
    </dependencies>
    <hidden>false</hidden>
</library-item>
<library-item>
    <id>96ddaa12-3965-49c1-b615-db9490307c80</id>
    <title>failedULSamplesT2</title>
    <item-type>
        <label>column</label>
        <label-prefix>spotfire</label-prefix>
        <is-container>false</is-container>
        <mime-type>application/xml</mime-type>
    </item-type>
    <created-by>Administrator@SPOTFIRE</created-by>
    <created>2023-03-29T14:54:33.000Z</created>
    <modified-by>Administrator@SPOTFIRE</modified-by>
    <modified>2024-06-04T21:50:12.000Z</modified>
    <accessed>2024-06-04T22:23:09.000Z</accessed>
    <properties>
        <property>
            <name>datatype</name>
            <value>longinteger</value>
        </property>
        <property>
            <name>column</name>
            <value>pmEbsnMacUeThpUlMbbLowVolDistr</value>
        </property>
        <property>
            <name>table</name>
            <value>DC_E_NR_EVENTS_NRCELLDU_V_RAW</value>
        </property>
    </properties>
    <keywords/>
    <dependencies>
        <dependency>
            <requiredid>efc46167-2283-4cb4-9ddc-2d69413fabc7</requiredid>
            <description>Data source required by this column</description>
            <cascading-delete>false</cascading-delete>
        </dependency>
    </dependencies>
    <hidden>false</hidden>
</library-item>
                            </children>
                            <hidden>false</hidden>
                        </library-item>
                    </children>
                    <hidden>false</hidden>
                </library-item>
            </children>
            <hidden>false</hidden>
        </library-item>
    </children>
    <hidden>false</hidden>
</library-item>
